"Sequence","Freq","SeqLength","SeqNo","fwr1_aa_heavy","cdr1_aa_heavy","fwr2_aa_heavy","cdr2_aa_heavy","fwr3_aa_heavy","cdr3_aa_heavy","fwr4_aa_heavy","fwr1_aa_light","cdr1_aa_light","fwr2_aa_light","cdr2_aa_light","fwr3_aa_light","cdr3_aa_light","fwr4_aa_light"
"QVQLVQSGAEVK",7217,12,1,1,0,0,0,0,0,0,0,0,0,0,0,0,0
"DIQMTQSPSSLSASVGDR",5643,18,2,0,0,0,0,0,0,0,1,0,0,0,0,0,0
"EVQLVESGGGLVQPGGSLR",5064,19,3,1,0,0,0,0,0,0,0,0,0,0,0,0,0
"QVQLVESGGGVVQPGR",4641,16,4,1,0,0,0,0,0,0,0,0,0,0,0,0,0
"EIVLTQSPGTLSLSPGER",3651,18,5,0,0,0,0,0,0,0,1,0,0,0,0,0,0
"EVQLLESGGGLVQPGGSLR",3614,19,6,1,0,0,0,0,0,0,0,0,0,0,0,0,0
"EVQLVESGGGLVKPGGSLR",2723,19,7,1,0,0,0,0,0,0,0,0,0,0,0,0,0
"DIVMTQSPDSLAVSLGER",2468,18,8,0,0,0,0,0,0,0,1,0,0,0,0,0,0
"EIVLTQSPATLSLSPGER",2430,18,9,0,0,0,0,0,0,0,1,0,0,0,0,0,0
"EVQLVQSGAEVK",2301,12,10,1,0,0,0,0,0,0,0,0,0,0,0,0,0
"TFGQGTK",2263,7,11,0,0,0,0,0,0,0,0,0,0,0,0,0,0
"EIVMTQSPATLSVSPGER",2092,18,12,0,0,0,0,0,0,0,1,0,0,0,0,0,0
"QSVLTQPPSASGTPGQR",2030,17,13,0,0,0,0,0,0,0,1,0,0,0,0,0,0
"GTTVTVSS",2016,8,14,0,0,0,0,0,0,1,0,0,0,0,0,0,0
"DIVMTQSPLSLPVTPGEPASISCR",1622,24,15,0,0,0,0,0,0,0,1,0,0,0,0,0,0
"GTLVTVSS",1507,8,16,0,0,0,0,0,0,1,0,0,0,0,0,0,0
"QLQLQESGPGLVKPSETLSLTCTVSGGSISSSSYYWGWIR",1479,40,17,0,0,0,0,0,0,0,0,0,0,0,0,0,0
"QSALTQPASVSGSPGQSITISCTGTSSDVGGYNYVSWYQQHPGK",1469,44,18,0,0,0,0,0,0,0,0,0,0,0,0,0,0
"QSVLTQPPSVSGAPGQR",1421,17,19,0,0,0,0,0,0,0,1,0,0,0,0,0,0
"VFGGGTK",1300,7,20,0,0,0,0,0,0,0,0,0,0,0,0,0,0
"QVQLQESGPGLVKPSETLSLTCTVSGGSISSYYWSWIR",1294,38,21,0,0,0,0,0,0,0,0,0,0,0,0,0,0
"QSVLTQPPSVSAAPGQK",1199,17,22,0,0,0,0,0,0,0,1,0,0,0,0,0,0
"SYELTQPPSVSVSPGQTAR",1167,19,23,0,0,0,0,0,0,0,1,0,0,0,0,0,0
"EVQLVESGGGLVQPGR",1098,16,24,1,0,0,0,0,0,0,0,0,0,0,0,0,0
"QVQLQQWGAGLLKPSETLSLTCAVYGGSFSGYYWSWIR",1085,38,25,0,0,0,0,0,0,0,0,0,0,0,0,0,0
"SYELTQPPSVSVSPGQTASITCSGDK",981,26,26,0,0,0,0,0,0,0,0,0,0,0,0,0,0
"QAPGQGLEWMGR",952,12,27,0,0,1,0,0,0,0,0,0,0,0,0,0,0
"QVQLVESGGGLVKPGGSLR",875,19,28,1,0,0,0,0,0,0,0,0,0,0,0,0,0
"QSALTQPR",822,8,29,0,0,0,0,0,0,0,1,0,0,0,0,0,0
"DIQMTQSPSSVSASVGDR",755,18,30,0,0,0,0,0,0,0,1,0,0,0,0,0,0
"DVVMTQSPLSLPVTLGQPASISCR",735,24,31,0,0,0,0,0,0,0,1,0,0,0,0,0,0
"FTVSR",730,5,32,0,1,0,0,1,0,0,0,0,0,0,0,0,0
"SSELTQDPAVSVALGQTVR",730,19,33,0,0,0,0,0,0,0,1,0,0,0,0,0,0
"QSALTQPASVSGSPGQSITISCTGTSSDVGSYNLVSWYQQHPGK",692,44,34,0,0,0,0,0,0,0,0,0,0,0,0,0,0
"DIQLTQSPSFLSASVGDR",679,18,35,0,0,0,0,0,0,0,1,0,0,0,0,0,0
"GLEWVSYISSSSSTIYYADSVK",650,22,36,0,0,0,0,0,0,0,0,0,0,0,0,0,0
"NNQRPSGVPDR",632,11,37,0,0,0,0,0,0,0,0,0,0,0,0,0,0
"NFMLTQPHSVSESPGK",547,16,38,0,0,0,0,0,0,0,1,0,0,0,0,0,0
"QSALTQPPSASGSPGQSVTISCTGTSSDVGGYNYVSWYQQHPGK",527,44,39,0,0,0,0,0,0,0,0,0,0,0,0,0,0
"QSPGK",525,5,40,0,0,1,0,0,0,0,0,0,0,0,0,0,0
"QVTLR",493,5,41,1,0,0,0,0,0,0,0,0,0,0,0,0,0
"QLVLTQSPSASASLGASVK",485,19,42,0,0,0,0,0,0,0,1,0,0,0,0,0,0
"QVTLK",479,5,43,1,0,0,0,0,0,0,0,0,0,0,0,0,0
"QVPGK",433,5,44,0,0,1,0,0,0,0,0,0,1,0,0,0,0
"NQFSLR",432,6,45,0,0,0,0,1,0,0,0,0,0,0,0,0,0
"VEDTAVYYCAR",432,11,46,0,0,0,0,0,0,0,0,0,0,0,0,0,0
"QVQLVESGGGVVQPGGSLR",407,19,47,1,0,0,0,0,0,0,0,0,0,0,0,0,0
"DIVMTQTPLSLSVTPGQPASISCK",372,24,48,0,0,0,0,0,0,0,1,0,0,0,0,0,0
"FSGSR",339,5,49,0,0,0,0,0,0,0,0,0,0,0,1,0,0
"DIVMTQTPLSSPVTLGQPASISCR",333,24,50,0,0,0,0,0,0,0,1,0,0,0,0,0,0
"LSCAASGFTFR",290,11,51,0,0,0,0,0,0,0,0,0,0,0,0,0,0
"VTVSS",267,5,52,0,0,0,0,0,0,1,0,0,0,0,0,0,0
"QVQLQQSGPGLVKPSQTLSLTCAISGDSVSSNSAAWNWIR",265,40,53,0,0,0,0,0,0,0,0,0,0,0,0,0,0
"AIQMTQSPSSLSASVGDR",252,18,54,0,0,0,0,0,0,0,1,0,0,0,0,0,0
"FSASK",252,5,55,0,0,0,0,0,0,0,0,0,0,0,1,0,0
"YTFGQGTK",239,8,56,0,0,0,0,0,0,0,0,0,0,0,0,0,0
"NTLFLQMNSLR",231,11,57,0,0,0,0,1,0,0,0,0,0,0,0,0,0
"EVQLVESGGGLVQPGGSLK",229,19,58,1,0,0,0,0,0,0,0,0,0,0,0,0,0
"VFGTGTK",224,7,59,0,0,0,0,0,0,0,0,0,0,0,0,0,0
"GVFGGGTK",218,8,60,0,0,0,0,0,0,0,0,0,0,0,0,0,0
"LSCTASGFTFGDYAMSWFR",218,19,61,0,0,0,0,0,0,0,0,0,0,0,0,0,0
"FDYWGQGTLVTVSS",216,14,62,0,0,0,0,0,0,0,0,0,0,0,0,0,0
"LEPEDFAVYYCQQYGSSPR",214,19,63,0,0,0,0,0,0,0,0,0,0,0,0,0,0
"LNSVTAADTAVYYCAR",214,16,64,0,0,0,0,0,0,0,0,0,0,0,0,0,0
"QAVVTQEPSLTVSPGGTVTLTCGSSTGAVTSGHYPYWFQQKPGQAPR",213,47,65,0,0,0,0,0,0,0,0,0,0,0,0,0,0
"NSLFLQMNSLR",206,11,66,0,0,0,0,1,0,0,0,0,0,0,0,0,0
"AEDTAIYYCAK",193,11,67,0,0,0,0,0,0,0,0,0,0,0,0,0,0
"QAGLTQPPSVSK",180,12,68,0,0,0,0,0,0,0,1,0,0,0,0,0,0
"TFGGGTK",180,7,69,0,0,0,0,0,0,0,0,0,0,0,0,0,0
"LTFGGGTK",179,8,70,0,0,0,0,0,0,0,0,0,0,0,0,0,0
"SYELTQPLSVSVALGQTAR",177,19,71,0,0,0,0,0,0,0,1,0,0,0,0,0,0
"VVFGGGTK",176,8,72,0,0,0,0,0,0,0,0,0,0,0,0,0,0
"QTVVTQEPSFSVSPGGTVTLTCGLSSGSVSTSYYPSWYQQTPGQAPR",172,47,73,0,0,0,0,0,0,0,0,0,0,0,0,0,0
"EIVLTQSPDFQSVTPK",171,16,74,0,0,0,0,0,0,0,1,0,0,0,0,0,0
"FAISR",170,5,75,0,0,0,0,1,0,0,0,0,0,0,0,0,0
"FSGSGSGTDFTLTISSLQPEDFATYYCQQSYSTPR",166,35,76,0,0,0,0,0,0,0,0,0,0,0,0,0,0
"DYWGQGTLVTVSS",164,13,77,0,0,0,0,0,0,0,0,0,0,0,0,0,0
"TFGPGTK",164,7,78,0,0,0,0,0,0,0,0,0,0,0,0,0,0
"WFDPWGQGTLVTVSS",164,15,79,0,0,0,0,0,0,0,0,0,0,0,0,0,0
"QTVVTQEPSLTVSPGGTVTLTCASSTGAVTSGYYPNWFQQKPGQAPR",163,47,80,0,0,0,0,0,0,0,0,0,0,0,0,0,0
"TFGQGTR",153,7,81,0,0,0,0,0,0,0,0,0,0,0,0,0,0
"FDPWGQGTLVTVSS",152,14,82,0,0,0,0,0,0,0,0,0,0,0,0,0,0
"LEPEDFAVYYCQQYGSSR",142,18,83,0,0,0,0,0,0,0,0,0,0,0,0,0,0
"AEDTAVYFCAR",141,11,84,0,0,0,0,0,0,0,0,0,0,0,0,0,0
"FSGSGSGTEFTLTISSLQSEDFAVYYCQQYNNWPR",137,35,85,0,0,0,0,0,0,0,0,0,0,0,0,0,0
"VIWMTQSPSLLSASTGDR",134,18,86,0,0,0,0,0,0,0,1,0,0,0,0,0,0
"SNWPR",133,5,87,0,0,0,0,0,1,0,0,0,0,0,0,1,0
"YYFDYWGQGTLVTVSS",130,16,88,0,0,0,0,0,0,0,0,0,0,0,0,0,0
"NTLYLQMDSLR",129,11,89,0,0,0,0,1,0,0,0,0,0,0,0,0,0
"WGQGTLVTVSS",129,11,90,0,0,0,0,0,0,1,0,0,0,0,0,0,0
"ASQSISR",128,7,91,0,0,0,0,0,0,0,1,0,0,0,0,0,0
"VEAEDVGVYYCMQALQTPR",125,19,92,0,0,0,0,0,0,0,0,0,0,0,0,0,0
"YFDYWGQGTLVTVSS",125,15,93,0,0,0,0,0,0,0,0,0,0,0,0,0,0
"AFDIWGQGTMVTVSS",123,15,94,0,0,0,0,0,0,0,0,0,0,0,0,0,0
"SYELTQPSSVSVSPGQTAR",119,19,95,0,0,0,0,0,0,0,1,0,0,0,0,0,0
"DIVMTQTPLSLPVTPGEPASISCR",117,24,96,0,0,0,0,0,0,0,1,0,0,0,0,0,0
"AEDTAIYYCAR",116,11,97,0,0,0,0,0,0,0,0,0,0,0,0,0,0
"WLAWYQQKPGK",116,11,98,0,0,0,0,0,0,0,0,0,0,0,0,0,0
"VIITCR",114,6,99,0,0,0,0,0,0,0,1,0,0,0,0,0,0
"YADSVK",111,6,100,0,0,0,0,1,0,0,0,0,0,0,0,0,0
"YLAWYQQKPGQAPR",103,14,101,0,0,0,0,0,0,0,0,0,0,0,0,0,0
"NWFDPWGQGTLVTVSS",101,16,102,0,0,0,0,0,0,0,0,0,0,0,0,0,0
"ASQSVSR",100,7,103,0,0,0,0,0,0,0,0,0,0,0,0,0,0
"SNWPLTFGGGTK",98,12,104,0,0,0,0,0,0,0,0,0,0,0,0,0,0
"ASQSVSSNYLAWYQQKPGQAPR",93,22,105,0,0,0,0,0,0,0,0,0,0,0,0,0,0
"FSGSGSGTDFTLTISSLQAEDVAVYYCQQYYSTPR",92,35,106,0,0,0,0,0,0,0,0,0,0,0,0,0,0
"STLYLQMNSLR",92,11,107,0,0,0,0,1,0,0,0,0,0,0,0,0,0
"GWFDPWGQGTLVTVSS",87,16,108,0,0,0,0,0,0,0,0,0,0,0,0,0,0
"ITFGQGTR",86,8,109,0,0,0,0,0,0,0,0,0,0,0,0,0,0
"QSALTQPPSVSGSPGQSVTISCTGTSSDVGSYNR",86,34,110,0,0,0,0,0,0,0,0,0,0,0,0,0,0
"ASQDIR",85,6,111,0,0,0,0,0,0,0,0,0,0,0,0,0,0
"AFGQGTK",84,7,112,0,0,0,0,0,0,0,0,0,0,0,0,0,0
"ATDIPAR",84,7,113,0,0,0,0,0,0,0,0,0,0,0,1,0,0
"SGNTASLTISGLQAEDEADYYCSSYTSSSTR",82,31,114,0,0,0,0,0,0,0,0,0,0,0,0,0,0
"SQFSLK",82,6,115,0,0,0,0,1,0,0,0,0,0,0,0,0,0
"NQLSLK",79,6,116,0,0,0,0,1,0,0,0,0,0,0,0,0,0
"FSGSGSGTEFTLTISSLQPDDFATYYCQQYNSYSR",77,35,117,0,0,0,0,0,0,0,0,0,0,0,0,0,0
"LSCAASGFTFSTYAMSWVR",75,19,118,0,0,0,0,0,0,0,0,0,0,0,0,0,0
"NYLGWYQQKPGQPPK",75,15,119,0,0,0,0,0,0,0,0,0,0,0,0,0,0
"QVQLQESGPGLVK",74,13,120,1,0,0,0,0,0,0,0,0,0,0,0,0,0
"AEDTAVYYCTR",71,11,121,0,0,0,0,0,0,0,0,0,0,0,0,0,0
"FSGSGSGTDFTFTISSLQPEDIATYYCQQYDNLPR",69,35,122,0,0,0,0,0,0,0,0,0,0,0,0,0,0
"SEDEADYYCAAWDDSLSGR",68,19,123,0,0,0,0,0,0,0,0,0,0,0,0,0,0
"QVQLVESGGGVVQPGTSLR",67,19,124,1,0,0,0,0,0,0,0,0,0,0,0,0,0
"SGTSASLAISGLQSEDEADYYCAAWDDSLNGR",67,32,125,0,0,0,0,0,0,0,0,0,0,0,0,0,0
"VDDTAVYYCAR",66,11,126,0,0,0,0,0,0,0,0,0,0,0,0,0,0
"FSGSGSGTDFTLTISSLQPEDFATYYCQQANSFPR",62,35,127,0,0,0,0,0,0,0,0,0,0,0,0,0,0
"LEPEDFAVYYCQQYGSSPYTFGQGTK",62,26,128,0,0,0,0,0,0,0,0,0,0,0,0,0,0
"FTIFR",61,5,129,0,0,0,0,1,0,0,0,0,0,0,0,0,0
"FSGSGSGTDFTLTISSLQAEDVAVYYCQQYYSTPYTFGQGTK",60,42,130,0,0,0,0,0,0,0,0,0,0,0,0,0,0
"SGNTASLTISGLQAEDEADYYCSSYTSSSTLVFGGGTK",59,38,131,0,0,0,0,0,0,0,0,0,0,0,0,0,0
"YSPSFQGQVTISVDK",55,15,132,0,0,0,0,1,0,0,0,0,0,0,0,0,0
"TEDTAVYYCAK",54,11,133,0,0,0,0,0,0,0,0,0,0,0,0,0,0
"YNSAPR",51,6,134,0,0,0,0,0,0,0,0,0,0,0,0,1,0
"YLTISSLQSEDEADYYCQTWGTGIR",49,25,135,0,0,0,0,0,0,0,0,0,0,0,0,0,0
"FGQGTK",48,6,136,0,0,0,0,0,0,0,0,0,0,0,0,0,1
"SGTSASLAITGLQAEDEADYYCQSYDSSLSGSVFGGGTK",48,39,137,0,0,0,0,0,0,0,0,0,0,0,0,0,0
"TEDTAVYYCTTDR",48,13,138,0,0,0,0,0,0,0,0,0,0,0,0,0,0
"VEAEDVGVYYCMQALQTPLTFGGGTK",47,26,139,0,0,0,0,0,0,0,0,0,0,0,0,0,0
"FSGSGSGTDFTLTISSLQPEDFATYYCQQSYSTPYTFGQGTK",40,42,140,0,0,0,0,0,0,0,0,0,0,0,0,0,0
"VEAEDVGVYYCMQALQTPWTFGQGTK",39,26,141,0,0,0,0,0,0,0,0,0,0,0,0,0,0
"VEAEDVGVYYCMQALQTPYTFGQGTK",38,26,142,0,0,0,0,0,0,0,0,0,0,0,0,0,0
"VEAGDEADYYCQVWDSSSDHVVFGGGTK",38,28,143,0,0,0,0,0,0,0,0,0,0,0,0,0,0
"SGNTASLTISGLQAEDEADYYCSSYTSSSTYVFGTGTK",35,38,144,0,0,0,0,0,0,0,0,0,0,0,0,0,0
"YNSAPWTFGQGTK",34,13,145,0,0,0,0,0,0,0,0,0,0,0,0,0,0
"SGNTASLTISGLQAEDEADYYCCSYAGSSTLVFGGGTK",33,38,146,0,0,0,0,0,0,0,0,0,0,0,0,0,0
"VEAEDVGVYYCMQALQTPPTFGQGTK",31,26,147,0,0,0,0,0,0,0,0,0,0,0,0,0,0
"VEAEDVGVYYCMQALQTPITFGQGTR",24,26,148,0,0,0,0,0,0,0,0,0,0,0,0,0,0
"DSSGNHVVFGGGTK",23,14,149,0,0,0,0,0,0,0,0,0,0,0,0,0,0
"SGNTASLTISGLQAEDEADYYCSSYTSSSTLVVFGGGTK",23,39,150,0,0,0,0,0,0,0,0,0,0,0,0,0,0
